id,name,primaryContactName,email,phone,address,industry,birthday,anniversaryDate,createdAt,updatedAt
34385301-cec9-455f-94bc-b3351b22edb8,kfn holdings,Hassan Raza,hassan.raza@kfn.com.sa,+966551122334,,,,,2026-08-05 11:07:56.487+00,2026-08-05 11:07:56.487+00
c0e9118f-478d-4bed-9e30-9af1b0b654e0,designers hub,Yasmin Qureshi,yasmin@designershub.com,+971509876543,,,,,2026-08-05 11:07:56.498+00,2026-08-05 11:07:56.498+00
d0a815ca-b451-4617-8cee-8dca2ab14695,red sea dev,Khaled Al-Masri,khaled@redseadev.sa,+966501234567,,,,,2026-08-05 11:07:56.632+00,2026-08-05 11:07:56.632+00
978a5ab6-71e7-4d40-8cf8-d1c3ee2ecb5f,Vanguard Holdings Inc.,Mary Davis,mary.davis@vanguardholdingsinc.com,+1 (571) 295-5458,"7026 Business Avenue, Suite 149, San Francisco, United States",Automotive,,,2026-08-05 11:08:17.94+00,2026-08-05 11:08:41.863+00
9ffa2ead-622b-404c-b159-5c4c8488e79e,Genesis Systems Inc.,John Anderson,john.anderson@genesissystemsinc.com,+1 (215) 162-1837,"6651 Business Avenue, Suite 668, Chicago, United States",Pharmaceutical,,,2026-08-05 11:08:18.177+00,2026-08-05 11:08:42.15+00
c5486868-dbea-497e-9826-ef2053152713,Horizon Energy Inc.,Patricia Perez,patricia.perez@horizonenergyinc.com,+1 (218) 271-1602,"2787 Business Avenue, Suite 435, London, United Kingdom",Food & Beverage,,,2026-08-05 11:08:18.412+00,2026-08-05 11:08:42.421+00
099261bd-f4cb-4545-bf46-3b461d7707ce,Pinnacle Robotics Inc.,Robert Lewis,robert.lewis@pinnacleroboticsinc.com,+1 (453) 161-7645,"6891 Business Avenue, Suite 401, Frankfurt, Germany",FMCG,,,2026-08-05 11:08:18.647+00,2026-08-05 11:08:42.673+00
dad83353-9b9f-430e-8264-b7767d864bcc,Titan Pharmaceuticals Inc.,Jennifer Scott,jennifer.scott@titanpharmaceuticalsinc.com,+1 (844) 638-3283,"4850 Business Avenue, Suite 229, Tokyo, Japan",Logistics,,,2026-08-05 11:08:18.881+00,2026-08-05 11:08:42.924+00
8a6209ad-6e96-4d32-ba53-0649ffbcb709,Quantum Holdings Inc.,Michael Williams,michael.williams@quantumholdingsinc.com,+1 (967) 229-2704,"1255 Business Avenue, Suite 499, Toronto, Canada",Construction,,,2026-08-05 11:08:19.117+00,2026-08-05 11:08:43.169+00
8ca41a77-2c11-499a-9db1-4646cc34946b,Nexus Systems Inc.,Linda Martinez,linda.martinez@nexussystemsinc.com,+1 (428) 125-4817,"6522 Business Avenue, Suite 299, Paris, France",Technology,,,2026-08-05 11:08:19.351+00,2026-08-05 11:08:43.406+00
44eade90-d415-431d-9fad-7547702781a3,Starlight Energy Inc.,William Taylor,william.taylor@starlightenergyinc.com,+1 (602) 172-5351,"3094 Business Avenue, Suite 170, Singapore, Singapore",Retail,,,2026-08-05 11:08:19.587+00,2026-08-05 11:08:43.645+00
7880754e-f21c-406b-a503-8ab3fe85a6dc,Beacon Robotics Inc.,Elizabeth White,elizabeth.white@beaconroboticsinc.com,+1 (399) 250-5394,"6322 Business Avenue, Suite 174, Sydney, Australia",Healthcare,,,2026-08-05 11:08:19.822+00,2026-08-05 11:08:43.883+00
01d1bc6b-8071-4596-a764-a189494a311c,Sterling Pharmaceuticals Inc.,David Walker,david.walker@sterlingpharmaceuticalsinc.com,+1 (897) 838-1961,"2432 Business Avenue, Suite 727, New York, United States",Manufacturing,,,2026-08-05 11:08:20.059+00,2026-08-05 11:08:44.121+00
7f4ab8ee-d105-4011-a8e6-6fa38fc926d7,Synergy Holdings Inc.,Barbara Nguyen,barbara.nguyen@synergyholdingsinc.com,+1 (617) 892-4455,"8397 Business Avenue, Suite 418, San Francisco, United States",Automotive,,,2026-08-05 11:08:20.313+00,2026-08-05 11:08:44.361+00
af1d1864-9b90-466d-aaba-0bfef727355c,Omni Energy Inc.,Susan Lopez,susan.lopez@omnienergyinc.com,+1 (983) 902-8955,"3862 Business Avenue, Suite 117, London, United Kingdom",Food & Beverage,,,2026-08-05 11:08:20.782+00,2026-08-05 11:08:44.836+00
f3359005-50be-4fb9-90ab-507d7c5e7d99,Prism Robotics Inc.,Joseph Jackson,joseph.jackson@prismroboticsinc.com,+1 (735) 854-5962,"2831 Business Avenue, Suite 544, Frankfurt, Germany",FMCG,,,2026-08-05 11:08:21.016+00,2026-08-05 11:08:45.072+00
4ce4b477-acdb-46b9-b7ed-e1c30cac4568,Matrix Pharmaceuticals Inc.,Jessica Sanchez,jessica.sanchez@matrixpharmaceuticalsinc.com,+1 (733) 202-8286,"4128 Business Avenue, Suite 771, Tokyo, Japan",Logistics,,,2026-08-05 11:08:21.25+00,2026-08-05 11:08:45.309+00
50b659ee-8449-4854-8c7d-a2704c56e320,Helios Holdings Inc.,Thomas Allen,thomas.allen@heliosholdingsinc.com,+1 (729) 706-6607,"7703 Business Avenue, Suite 286, Toronto, Canada",Construction,,,2026-08-05 11:08:21.486+00,2026-08-05 11:08:45.555+00
d1684f4a-9158-4049-9d4d-a1a06b5e5ffa,Aegis Systems Inc.,Sarah Flores,sarah.flores@aegissystemsinc.com,+1 (749) 315-2266,"4741 Business Avenue, Suite 374, Paris, France",Technology,,,2026-08-05 11:08:21.724+00,2026-08-05 11:08:45.795+00
45880b56-5d45-41a6-8fdb-7cf7d415fee9,Dynamic Energy Inc.,Charles Miller,charles.miller@dynamicenergyinc.com,+1 (761) 284-2923,"3075 Business Avenue, Suite 228, Singapore, Singapore",Retail,,,2026-08-05 11:08:21.961+00,2026-08-05 11:08:46.039+00
d968ffca-de67-45e0-9f70-e3e506e21219,Global Robotics Inc.,Karen Wilson,karen.wilson@globalroboticsinc.com,+1 (856) 423-1340,"2160 Business Avenue, Suite 660, Sydney, Australia",Healthcare,,,2026-08-05 11:08:22.198+00,2026-08-05 11:08:46.278+00
d0153f05-406c-4e7b-a7fe-b3f98cf3f4b2,Infinitum Pharmaceuticals Inc.,Christopher Lee,christopher.lee@infinitumpharmaceuticalsinc.com,+1 (277) 925-7354,"2695 Business Avenue, Suite 798, New York, United States",Manufacturing,,,2026-08-05 11:08:22.435+00,2026-08-05 11:08:46.527+00
a7df6bd2-a1c8-4647-a278-7207c58c805c,Orion Holdings Inc.,Nancy Ramirez,nancy.ramirez@orionholdingsinc.com,+1 (207) 977-8986,"9179 Business Avenue, Suite 706, San Francisco, United States",Automotive,,,2026-08-05 11:08:22.677+00,2026-08-05 11:08:46.778+00
78f00908-7fd8-4961-b413-2eb561ea6a21,Equinox Systems Inc.,Daniel Wright,daniel.wright@equinoxsystemsinc.com,+1 (530) 747-4319,"7681 Business Avenue, Suite 713, Chicago, United States",Pharmaceutical,,,2026-08-05 11:08:22.913+00,2026-08-05 11:08:47.019+00
2ab7e5c9-35f0-4480-ad52-c852f50f0211,Paramount Energy Inc.,Lisa Johnson,lisa.johnson@paramountenergyinc.com,+1 (987) 785-6742,"3214 Business Avenue, Suite 337, London, United Kingdom",Food & Beverage,,,2026-08-05 11:08:23.147+00,2026-08-05 11:08:47.269+00
dbb62477-9e5e-4401-b018-24659ced5447,Crestview Robotics Inc.,Matthew Rodriguez,matthew.rodriguez@crestviewroboticsinc.com,+1 (666) 791-4717,"3263 Business Avenue, Suite 407, Frankfurt, Germany",FMCG,,,2026-08-05 11:08:23.382+00,2026-08-05 11:08:47.59+00
49955880-1394-42cb-a131-04b0ccd39d4d,Summit Pharmaceuticals Inc.,Betty Thomas,betty.thomas@summitpharmaceuticalsinc.com,+1 (568) 724-2907,"3886 Business Avenue, Suite 573, Tokyo, Japan",Logistics,,,2026-08-05 11:08:23.616+00,2026-08-05 11:08:47.84+00
e77f034c-3351-43e4-b06c-0466d38e2da5,Astral Holdings Inc.,Anthony Thompson,anthony.thompson@astralholdingsinc.com,+1 (880) 865-2328,"9256 Business Avenue, Suite 406, Toronto, Canada",Construction,,,2026-08-05 11:08:23.851+00,2026-08-05 11:08:48.083+00
2f694078-1b63-43a2-bd36-9661faa5afbc,Ironclad Energy Inc.,Donald Torres,donald.torres@ironcladenergyinc.com,+1 (940) 896-4380,"5043 Business Avenue, Suite 605, Singapore, Singapore",Retail,,,2026-08-05 11:08:24.319+00,2026-08-05 11:08:48.554+00
478a3057-5be6-45b8-a53b-f6e8f200c029,Catalyst Robotics Inc.,Sandra Brown,sandra.brown@catalystroboticsinc.com,+1 (631) 651-1322,"3117 Business Avenue, Suite 529, Sydney, Australia",Healthcare,,,2026-08-05 11:08:24.553+00,2026-08-05 11:08:48.804+00
78572ffd-b2af-47e3-bcea-e2c18c1f368c,Apex Pharmaceuticals Inc.,Mark Hernandez,mark.hernandez@apexpharmaceuticalsinc.com,+1 (389) 747-5512,"4837 Business Avenue, Suite 740, New York, United States",Manufacturing,,,2026-08-05 11:08:24.787+00,2026-08-05 11:08:49.044+00
7be32d2b-6bc4-4cf1-9649-5b2a4171ae6e,Vanguard Holdings Group,Ashley Moore,ashley.moore@vanguardholdingsgroup.com,+1 (582) 394-6748,"2046 Business Avenue, Suite 570, San Francisco, United States",Automotive,,,2026-08-05 11:08:25.022+00,2026-08-05 11:08:49.282+00
5155fef9-3722-4f5b-9b9a-3e392bf31623,Genesis Systems Group,Paul Harris,paul.harris@genesissystemsgroup.com,+1 (589) 244-1197,"615 Business Avenue, Suite 209, Chicago, United States",Pharmaceutical,,,2026-08-05 11:08:25.256+00,2026-08-05 11:08:49.523+00
efd9e626-374e-419f-9ea4-36fd12bde3b1,Horizon Energy Group,Kimberly Young,kimberly.young@horizonenergygroup.com,+1 (879) 349-3519,"8889 Business Avenue, Suite 721, London, United Kingdom",Food & Beverage,,,2026-08-05 11:08:25.49+00,2026-08-05 11:08:49.761+00
a5dd3d6d-64ec-4106-85a6-11e3e5a6309f,Pinnacle Robotics Group,Steven Hill,steven.hill@pinnacleroboticsgroup.com,+1 (329) 898-1622,"2802 Business Avenue, Suite 227, Frankfurt, Germany",FMCG,,,2026-08-05 11:08:25.723+00,2026-08-05 11:08:50+00
90c07939-fd65-4d33-99bd-bd8d8026b67a,Acme Industrial Corp,Alice Walker,alice@acmeindustrial.com,+15551234567,,Manufacturing,,,2026-08-17 06:41:27.657+00,2026-08-17 06:41:27.657+00
1dbfd97b-1edd-480c-a2ff-f95162216b35,Quantum Holdings Group,Andrew Gonzalez,andrew.gonzalez@quantumholdingsgroup.com,+1 (973) 172-6409,"5370 Business Avenue, Suite 646, Toronto, Canada",Construction,,,2026-08-05 11:08:26.192+00,2026-08-05 11:08:50.991+00
79643362-51d0-4a00-b203-91ebe70703d6,Nexus Systems Group,Donna Martin,donna.martin@nexussystemsgroup.com,+1 (965) 998-4078,"5100 Business Avenue, Suite 723, Paris, France",Technology,,,2026-08-05 11:08:26.427+00,2026-08-05 11:08:51.231+00
4ba0473e-5b49-4921-8443-2397f9c6eb4b,Starlight Energy Group,Kenneth Clark,kenneth.clark@starlightenergygroup.com,+1 (415) 208-1900,"6344 Business Avenue, Suite 540, Singapore, Singapore",Retail,,,2026-08-05 11:08:26.661+00,2026-08-05 11:08:51.468+00
dcc85dfc-9e1f-4d7d-af81-c507949b4ade,Beacon Robotics Group,Michelle King,michelle.king@beaconroboticsgroup.com,+1 (882) 797-5687,"5122 Business Avenue, Suite 379, Sydney, Australia",Healthcare,,,2026-08-05 11:08:26.895+00,2026-08-05 11:08:51.704+00
5a8db5a7-7a00-4e6e-bb6d-6f9d85ca1973,Synergy Holdings Group,Mary Davis,mary.davis@synergyholdingsgroup.com,+1 (299) 478-4629,"2648 Business Avenue, Suite 292, San Francisco, United States",Automotive,,,2026-08-05 11:08:27.364+00,2026-08-05 11:08:52.181+00
09b18443-1d83-4a99-9f36-95786daaf988,Velocity Systems Group,John Anderson,john.anderson@velocitysystemsgroup.com,+1 (660) 691-9433,"9124 Business Avenue, Suite 712, Chicago, United States",Pharmaceutical,,,2026-08-05 11:08:27.598+00,2026-08-05 11:08:52.419+00
12f4a62d-92cf-4e29-93b9-126d9828178c,Omni Energy Group,Patricia Perez,patricia.perez@omnienergygroup.com,+1 (519) 143-4613,"4998 Business Avenue, Suite 620, London, United Kingdom",Food & Beverage,,,2026-08-05 11:08:27.832+00,2026-08-05 11:08:52.665+00
478016c6-fd22-45fe-9380-a8b7929c8617,Prism Robotics Group,Robert Lewis,robert.lewis@prismroboticsgroup.com,+1 (550) 946-8827,"9723 Business Avenue, Suite 197, Frankfurt, Germany",FMCG,,,2026-08-05 11:08:28.066+00,2026-08-05 11:08:52.909+00
ec16e03f-6fae-4344-9199-a873a592e170,Matrix Pharmaceuticals Group,Jennifer Scott,jennifer.scott@matrixpharmaceuticalsgroup.com,+1 (818) 429-4403,"4319 Business Avenue, Suite 660, Tokyo, Japan",Logistics,,,2026-08-05 11:08:28.301+00,2026-08-05 11:08:53.179+00
d06533e1-c4d3-4dc6-9570-892696133cf1,Helios Holdings Group,Michael Williams,michael.williams@heliosholdingsgroup.com,+1 (621) 410-9858,"7355 Business Avenue, Suite 436, Toronto, Canada",Construction,,,2026-08-05 11:08:28.536+00,2026-08-05 11:08:53.415+00
89f6a116-5a31-4ee1-9dec-f734088cd09f,Aegis Systems Group,Linda Martinez,linda.martinez@aegissystemsgroup.com,+1 (670) 679-2565,"4139 Business Avenue, Suite 574, Paris, France",Technology,,,2026-08-05 11:08:28.77+00,2026-08-05 11:08:53.652+00
108f4a8a-e7cd-4edf-833c-e94e9aca3c33,Dynamic Energy Group,William Taylor,william.taylor@dynamicenergygroup.com,+1 (836) 996-9230,"7056 Business Avenue, Suite 288, Singapore, Singapore",Retail,,,2026-08-05 11:08:29.003+00,2026-08-05 11:08:53.889+00
77fa6aef-8cff-49ec-956b-84de4fe5eec1,Global Robotics Group,Elizabeth White,elizabeth.white@globalroboticsgroup.com,+1 (646) 804-2085,"4334 Business Avenue, Suite 771, Sydney, Australia",Healthcare,,,2026-08-05 11:08:29.237+00,2026-08-05 11:08:54.126+00
e1d32f2d-a8fb-4ce7-9f64-469eb261e242,Infinitum Pharmaceuticals Group,David Walker,david.walker@infinitumpharmaceuticalsgroup.com,+1 (960) 134-5809,"9816 Business Avenue, Suite 577, New York, United States",Manufacturing,,,2026-08-05 11:08:29.47+00,2026-08-05 11:08:54.362+00
172f10bc-55dd-4489-a682-f84a75d2ead1,Orion Holdings Group,Barbara Nguyen,barbara.nguyen@orionholdingsgroup.com,+1 (569) 120-2198,"5247 Business Avenue, Suite 722, San Francisco, United States",Automotive,,,2026-08-05 11:08:29.705+00,2026-08-05 11:08:54.599+00
90a4e029-3edc-40d9-9712-05f736eb42a7,Equinox Systems Group,Richard Jones,richard.jones@equinoxsystemsgroup.com,+1 (463) 422-5847,"9463 Business Avenue, Suite 585, Chicago, United States",Pharmaceutical,,,2026-08-05 11:08:29.939+00,2026-08-05 11:08:54.834+00
ffec5efc-4483-451b-b256-64f797a5fb9f,Paramount Energy Group,Susan Lopez,susan.lopez@paramountenergygroup.com,+1 (733) 703-3258,"4139 Business Avenue, Suite 571, London, United Kingdom",Food & Beverage,,,2026-08-05 11:08:30.174+00,2026-08-05 11:08:55.07+00
bb895974-88a7-43fc-bb2c-9e08a5e2d5f2,Crestview Robotics Group,Joseph Jackson,joseph.jackson@crestviewroboticsgroup.com,+1 (635) 815-1092,"1186 Business Avenue, Suite 372, Frankfurt, Germany",FMCG,,,2026-08-05 11:08:30.408+00,2026-08-05 11:08:55.311+00
858fe24e-865c-488f-b1ac-20a02345af1c,Astral Holdings Group,Thomas Allen,thomas.allen@astralholdingsgroup.com,+1 (313) 521-9361,"9866 Business Avenue, Suite 479, Toronto, Canada",Construction,,,2026-08-05 11:08:30.875+00,2026-08-05 11:08:55.784+00
3a11b027-3335-4ec0-8e92-1bb2711636a2,Veritas Systems Group,Sarah Flores,sarah.flores@veritassystemsgroup.com,+1 (285) 260-2792,"5865 Business Avenue, Suite 571, Paris, France",Technology,,,2026-08-05 11:08:31.109+00,2026-08-05 11:08:56.022+00
772a2c1d-cdf3-4c9d-809d-a4bc2ee61036,Ironclad Energy Group,Charles Miller,charles.miller@ironcladenergygroup.com,+1 (281) 641-9796,"6219 Business Avenue, Suite 780, Singapore, Singapore",Retail,,,2026-08-05 11:08:31.343+00,2026-08-05 11:08:56.26+00
4f12f495-b269-41b1-8c98-960d83e9fbf4,Catalyst Robotics Group,Karen Wilson,karen.wilson@catalystroboticsgroup.com,+1 (846) 350-4404,"1237 Business Avenue, Suite 140, Sydney, Australia",Healthcare,,,2026-08-05 11:08:31.592+00,2026-08-05 11:08:56.505+00
bd2ace4e-acd4-4ad6-bcee-a6703556f367,Apex Pharmaceuticals Group,Christopher Lee,christopher.lee@apexpharmaceuticalsgroup.com,+1 (523) 370-7066,"4223 Business Avenue, Suite 353, New York, United States",Manufacturing,,,2026-08-05 11:08:31.842+00,2026-08-05 11:08:56.746+00
faf41b85-cdfa-4c94-a793-b4b6d71d2080,Vanguard Holdings Group,Nancy Ramirez,nancy.ramirez@vanguardholdingsgroup.com,+1 (270) 137-5895,"1648 Business Avenue, Suite 617, San Francisco, United States",Automotive,,,2026-08-05 11:08:32.08+00,2026-08-05 11:08:56.987+00
04e6b7c8-a7c0-4730-a3b1-21f3ec80851f,Genesis Systems Group,Daniel Wright,daniel.wright@genesissystemsgroup.com,+1 (528) 875-8336,"4512 Business Avenue, Suite 354, Chicago, United States",Pharmaceutical,,,2026-08-05 11:08:32.314+00,2026-08-05 11:08:57.29+00
1c7d06db-8212-427f-ab14-85af593585bd,Horizon Energy Group,Lisa Johnson,lisa.johnson@horizonenergygroup.com,+1 (350) 314-6783,"2504 Business Avenue, Suite 706, London, United Kingdom",Food & Beverage,,,2026-08-05 11:08:32.55+00,2026-08-05 11:08:57.548+00
05e0182a-c179-49a0-bf01-7c1ebe4ada15,Pinnacle Robotics Group,Matthew Rodriguez,matthew.rodriguez@pinnacleroboticsgroup.com,+1 (637) 794-9321,"3576 Business Avenue, Suite 164, Frankfurt, Germany",FMCG,,,2026-08-05 11:08:32.784+00,2026-08-05 11:08:57.796+00
0f86c212-7a93-40c8-9f27-eda83ca34b3e,Titan Pharmaceuticals Group,Betty Thomas,betty.thomas@titanpharmaceuticalsgroup.com,+1 (384) 160-7709,"7533 Business Avenue, Suite 208, Tokyo, Japan",Logistics,,,2026-08-05 11:08:33.02+00,2026-08-05 11:08:58.082+00
6922cd0f-1cdf-47d6-b389-cce3df80765c,Quantum Holdings Group,Anthony Thompson,anthony.thompson@quantumholdingsgroup.com,+1 (649) 368-4699,"7440 Business Avenue, Suite 603, Toronto, Canada",Construction,,,2026-08-05 11:08:33.254+00,2026-08-05 11:08:58.353+00
a78c7fbc-2a80-4f9e-a179-cf78de6bc10f,Nexus Systems Group,Margaret Robinson,margaret.robinson@nexussystemsgroup.com,+1 (831) 583-2568,"8813 Business Avenue, Suite 683, Paris, France",Technology,,,2026-08-05 11:08:33.487+00,2026-08-05 11:08:58.593+00
bff1e3d7-07bf-4d36-840b-0d83b78cda0a,Beacon Robotics Group,Sandra Brown,sandra.brown@beaconroboticsgroup.com,+1 (945) 545-9073,"5489 Business Avenue, Suite 608, Sydney, Australia",Healthcare,,,2026-08-05 11:08:33.958+00,2026-08-05 11:08:59.078+00
1e46e8fa-fb49-4667-acf5-0f6b3b431d4a,Sterling Pharmaceuticals Group,Mark Hernandez,mark.hernandez@sterlingpharmaceuticalsgroup.com,+1 (549) 190-6747,"932 Business Avenue, Suite 178, New York, United States",Manufacturing,,,2026-08-05 11:08:34.194+00,2026-08-05 11:08:59.314+00
928154de-f1e0-4b45-9c41-3afe0c939040,Synergy Holdings Group,Ashley Moore,ashley.moore@synergyholdingsgroup.com,+1 (478) 710-4098,"9205 Business Avenue, Suite 252, San Francisco, United States",Automotive,,,2026-08-05 11:08:34.431+00,2026-08-05 11:08:59.552+00
0d47357e-2d9b-4cdc-88b1-f30d11206ffe,buildcorp llc,Tariq Jameel,tariq@buildcorp.ae,+971509876543,,,,,2026-08-05 11:08:38.125+00,2026-08-05 11:08:38.125+00
b4cafd13-c55f-43b2-b3bb-26602bc548ff,riyadh construction,Majed Al-Otaibi,majed@riyadhconst.com,+966501234567,,,,,2026-08-05 11:08:38.18+00,2026-08-05 11:08:38.18+00
43aa40c7-1fe7-464b-955f-2d1477019e37,Apex Pharmaceuticals Inc.,James Smith,james.smith@apexpharmaceuticalsinc.com,+1 (868) 453-8758,"681 Business Avenue, Suite 219, New York, United States",Manufacturing,,,2026-08-05 11:08:17.703+00,2026-08-05 11:08:41.613+00
636bbea6-be8d-4785-afa1-d606dc9b4ca7,Velocity Systems Inc.,Richard Jones,richard.jones@velocitysystemsinc.com,+1 (611) 535-6246,"743 Business Avenue, Suite 114, Chicago, United States",Pharmaceutical,,,2026-08-05 11:08:20.548+00,2026-08-05 11:08:44.597+00
688e39a3-e9b4-46e6-ab8e-a6806bc6730c,Veritas Systems Inc.,Margaret Robinson,margaret.robinson@veritassystemsinc.com,+1 (279) 789-3237,"5518 Business Avenue, Suite 177, Paris, France",Technology,,,2026-08-05 11:08:24.085+00,2026-08-05 11:08:48.318+00
2aee8d1f-c2a1-47af-84d5-41b6427ecf4c,Titan Pharmaceuticals Group,Emily Garcia,emily.garcia@titanpharmaceuticalsgroup.com,+1 (453) 529-3311,"4931 Business Avenue, Suite 592, Tokyo, Japan",Logistics,,,2026-08-05 11:08:25.958+00,2026-08-05 11:08:50.238+00
e3e41a3b-c324-4b7d-a84b-514156c3c2a5,Sterling Pharmaceuticals Group,James Smith,james.smith@sterlingpharmaceuticalsgroup.com,+1 (949) 748-4400,"8141 Business Avenue, Suite 532, New York, United States",Manufacturing,,,2026-08-05 11:08:27.129+00,2026-08-05 11:08:51.942+00
8ffda739-8f65-4e81-88bd-98acbcbf7dfa,Summit Pharmaceuticals Group,Jessica Sanchez,jessica.sanchez@summitpharmaceuticalsgroup.com,+1 (674) 197-3840,"513 Business Avenue, Suite 532, Tokyo, Japan",Logistics,,,2026-08-05 11:08:30.642+00,2026-08-05 11:08:55.547+00
ebb302f1-47f7-4066-9378-2eb05dd0e3f2,Starlight Energy Group,Donald Torres,donald.torres@starlightenergygroup.com,+1 (895) 100-6938,"9495 Business Avenue, Suite 619, Singapore, Singapore",Retail,,,2026-08-05 11:08:33.723+00,2026-08-05 11:08:58.84+00
bf230543-be02-465c-9dd2-e181a2eaecc0,Omni Energy Group,Kimberly Young,kimberly.young@omnienergygroup.com,+1 (424) 459-9635,"5744 Business Avenue, Suite 250, London, United Kingdom",Food & Beverage,,,2026-08-05 11:08:34.932+00,2026-08-05 11:09:00.046+00
cc317d39-a852-44da-ae6f-470f3e775a6d,Prism Robotics Group,Steven Hill,steven.hill@prismroboticsgroup.com,+1 (793) 544-1190,"9852 Business Avenue, Suite 456, Frankfurt, Germany",FMCG,,,2026-08-05 11:08:35.181+00,2026-08-05 11:09:00.291+00
9aecb2fe-2643-4ee5-a0ae-00bb2fc020db,Matrix Pharmaceuticals Group,Emily Garcia,emily.garcia@matrixpharmaceuticalsgroup.com,+1 (488) 352-9930,"9582 Business Avenue, Suite 672, Tokyo, Japan",Logistics,,,2026-08-05 11:08:35.417+00,2026-08-05 11:09:00.585+00
4c823b82-54e1-4252-aaf0-fc85fc2c1d19,Helios Holdings Group,Andrew Gonzalez,andrew.gonzalez@heliosholdingsgroup.com,+1 (568) 877-2218,"1518 Business Avenue, Suite 770, Toronto, Canada",Construction,,,2026-08-05 11:08:35.652+00,2026-08-05 11:09:00.835+00
fa055f48-ccde-4a5f-ac3b-8dbc0000b7db,Aegis Systems Group,Donna Martin,donna.martin@aegissystemsgroup.com,+1 (811) 823-3735,"8102 Business Avenue, Suite 724, Paris, France",Technology,,,2026-08-05 11:08:35.912+00,2026-08-05 11:09:01.07+00
66a037e6-a5a1-4338-b448-cac7e6cd9098,Dynamic Energy Group,Kenneth Clark,kenneth.clark@dynamicenergygroup.com,+1 (470) 892-3521,"2351 Business Avenue, Suite 684, Singapore, Singapore",Retail,,,2026-08-05 11:08:36.196+00,2026-08-05 11:09:01.306+00
446bda77-5583-4d2e-b5b7-9cb040d25041,Global Robotics Group,Michelle King,michelle.king@globalroboticsgroup.com,+1 (626) 270-1050,"2486 Business Avenue, Suite 126, Sydney, Australia",Healthcare,,,2026-08-05 11:08:36.434+00,2026-08-05 11:09:01.542+00
ea6804a2-e0d8-4583-9d47-8c739438cf8b,Infinitum Pharmaceuticals Group,James Smith,james.smith@infinitumpharmaceuticalsgroup.com,+1 (762) 177-2358,"6684 Business Avenue, Suite 487, New York, United States",Manufacturing,,,2026-08-05 11:08:36.675+00,2026-08-05 11:09:01.782+00
7b00b488-f07a-4e01-a83c-aeff07e5bd7f,Orion Holdings Group,Mary Davis,mary.davis@orionholdingsgroup.com,+1 (383) 666-8304,"7834 Business Avenue, Suite 516, San Francisco, United States",Automotive,,,2026-08-05 11:08:36.922+00,2026-08-05 11:09:02.022+00
9b0fb6a1-768f-4616-92f5-7a5c92de5f81,Equinox Systems Group,John Anderson,john.anderson@equinoxsystemsgroup.com,+1 (853) 662-2391,"4555 Business Avenue, Suite 338, Chicago, United States",Pharmaceutical,,,2026-08-05 11:08:37.161+00,2026-08-05 11:09:02.259+00
bd3478a6-5401-43f0-a1c7-ebb71e0a6462,Paramount Energy Group,Patricia Perez,patricia.perez@paramountenergygroup.com,+1 (286) 248-1304,"595 Business Avenue, Suite 781, London, United Kingdom",Food & Beverage,,,2026-08-05 11:08:37.396+00,2026-08-05 11:09:02.51+00
82a624c8-69a8-4397-8ae6-b7d7c1319fdb,Crestview Robotics Group,Robert Lewis,robert.lewis@crestviewroboticsgroup.com,+1 (839) 535-6436,"689 Business Avenue, Suite 125, Frankfurt, Germany",FMCG,,,2026-08-05 11:08:37.686+00,2026-08-05 11:09:02.753+00
4809eb01-562e-4b91-8a98-1976c98cba39,Astral Holdings Group,Michael Williams,michael.williams@astralholdingsgroup.com,+1 (954) 240-6665,"8020 Business Avenue, Suite 279, Toronto, Canada",Construction,,,2026-08-05 11:08:38.168+00,2026-08-05 11:09:03.241+00
50f729ac-8a5f-4efa-bca2-09519990e6eb,Veritas Systems Group,Linda Martinez,linda.martinez@veritassystemsgroup.com,+1 (635) 715-9547,"3472 Business Avenue, Suite 244, Paris, France",Technology,,,2026-08-05 11:08:38.412+00,2026-08-05 11:09:03.48+00
9cc5552f-3104-4ca1-9c45-7dce1faeea5b,Ironclad Energy Group,William Taylor,william.taylor@ironcladenergygroup.com,+1 (252) 471-6640,"7902 Business Avenue, Suite 741, Singapore, Singapore",Retail,,,2026-08-05 11:08:38.674+00,2026-08-05 11:09:03.72+00
039a230d-6542-41b3-8b8a-5a92da7bae40,Catalyst Robotics Group,Elizabeth White,elizabeth.white@catalystroboticsgroup.com,+1 (410) 309-5724,"286 Business Avenue, Suite 575, Sydney, Australia",Healthcare,,,2026-08-05 11:08:38.917+00,2026-08-05 11:09:03.96+00
37929602-4c05-4469-b87a-e97704335442,Apex Pharmaceuticals Group,David Walker,david.walker@apexpharmaceuticalsgroup.com,+1 (682) 611-7598,"2100 Business Avenue, Suite 596, New York, United States",Manufacturing,,,2026-08-05 11:08:39.16+00,2026-08-05 11:09:04.205+00
23631fa2-d33a-4b69-bc87-ac5cb4946088,Vanguard Holdings Group,Barbara Nguyen,barbara.nguyen@vanguardholdingsgroup.com,+1 (489) 455-7538,"850 Business Avenue, Suite 653, San Francisco, United States",Automotive,,,2026-08-05 11:08:39.4+00,2026-08-05 11:09:04.441+00
28a8c0be-39c6-43d4-ad8f-a55c77401dcc,Genesis Systems Group,Richard Jones,richard.jones@genesissystemsgroup.com,+1 (214) 295-4012,"6989 Business Avenue, Suite 696, Chicago, United States",Pharmaceutical,,,2026-08-05 11:08:39.635+00,2026-08-05 11:09:04.677+00
bad2e179-a3be-45ed-a54b-03029fa27f72,Horizon Energy Group,Susan Lopez,susan.lopez@horizonenergygroup.com,+1 (342) 169-7413,"3110 Business Avenue, Suite 539, London, United Kingdom",Food & Beverage,,,2026-08-05 11:08:39.883+00,2026-08-05 11:09:04.928+00
119dc26f-7e6e-46fe-abc2-49b4ecf585e5,Pinnacle Robotics Group,Joseph Jackson,joseph.jackson@pinnacleroboticsgroup.com,+1 (426) 202-2189,"7688 Business Avenue, Suite 238, Frankfurt, Germany",FMCG,,,2026-08-05 11:08:40.126+00,2026-08-05 11:09:05.167+00
e8aa6b7c-68c2-4a0a-ab45-f673aaf7abcc,Titan Pharmaceuticals Group,Jessica Sanchez,jessica.sanchez@titanpharmaceuticalsgroup.com,+1 (734) 358-8641,"8114 Business Avenue, Suite 203, Tokyo, Japan",Logistics,,,2026-08-05 11:08:40.377+00,2026-08-05 11:09:05.403+00
f97cef7f-bcf4-40d0-be96-f3a6a68b758c,Quantum Holdings Group,Thomas Allen,thomas.allen@quantumholdingsgroup.com,+1 (912) 644-9997,"1583 Business Avenue, Suite 419, Toronto, Canada",Construction,,,2026-08-05 11:08:40.613+00,2026-08-05 11:09:05.638+00
f21a9175-0a92-4bac-906c-fd5ccb7258f8,Nexus Systems Group,Sarah Flores,sarah.flores@nexussystemsgroup.com,+1 (461) 446-4783,"799 Business Avenue, Suite 526, Paris, France",Technology,,,2026-08-05 11:08:40.87+00,2026-08-05 11:09:05.874+00
fc8cab1d-372f-4f7a-a20e-ce5d684a8d62,Starlight Energy Group,Charles Miller,charles.miller@starlightenergygroup.com,+1 (450) 357-8788,"4512 Business Avenue, Suite 695, Singapore, Singapore",Retail,,,2026-08-05 11:08:41.12+00,2026-08-05 11:09:06.109+00
f2a6edcb-e6e6-4a19-8178-0f6c8fc35beb,Acme Industrial Corp,Alice Walker,alice@acmeindustrial.com,+15551234567,,Manufacturing,,,2026-08-17 06:42:16.899+00,2026-08-17 06:42:16.899+00
13322aaa-ec06-4d17-be1d-0c1a1af758fa,Velocity Systems Group,Paul Harris,paul.harris@velocitysystemsgroup.com,+1 (997) 888-6072,"6143 Business Avenue, Suite 739, Chicago, United States",Pharmaceutical,,,2026-08-05 11:08:34.672+00,2026-08-05 11:08:59.799+00
4128c454-845e-4522-b794-9c72d1f82531,Summit Pharmaceuticals Group,Jennifer Scott,jennifer.scott@summitpharmaceuticalsgroup.com,+1 (844) 401-3841,"1670 Business Avenue, Suite 786, Tokyo, Japan",Logistics,,,2026-08-05 11:08:37.932+00,2026-08-05 11:09:02.992+00
4c5eac09-0499-4530-837e-7d35c54816da,Beacon Robotics Group,Karen Wilson,karen.wilson@beaconroboticsgroup.com,+1 (532) 947-1532,"7934 Business Avenue, Suite 505, Sydney, Australia",Healthcare,,,2026-08-05 11:08:41.361+00,2026-08-05 11:09:06.345+00
0f5e28a9-4d1c-4682-a278-2473152c7870,CORS Test,CORS Test,cors@test.com,,,,,,2026-08-06 18:07:49.782+00,2026-08-06 18:07:49.782+00
094e54d2-3ea9-4611-a603-be5af7ade3fc,LiveTest FACE,LiveTest FACE,livetest@face.com,+966500000001,,,,,2026-08-06 18:27:42.342+00,2026-08-06 18:27:42.342+00
8b71e86f-b1d7-414b-80f0-7d74400f2d8c,boom,saud sheik,saud@gmail.com,33444333,,,,,2026-08-06 18:41:43.904+00,2026-08-06 18:41:43.904+00
bf583f55-f611-426f-baee-c403074f2d8b,HealthCheck Test,HealthCheck Test,hc@test.com,+966500000099,,,,,2026-08-06 18:59:08.199+00,2026-08-06 18:59:08.199+00
c59e1bf3-c584-44d2-98bd-5f203ab02b3d,testnow inc,API TestNow,testnow@gmail.com,+966500000000,,,,,2026-08-10 05:13:38.507+00,2026-08-10 05:13:38.507+00
c25f279e-c1e6-4a53-8ba3-427c22e94955,safwaan sheik,safwaan sheik,sheiksaud671@gmail.com,9980929875,,,,,2026-08-10 05:23:29.166+00,2026-08-10 05:23:29.166+00
62da325c-acd0-432f-aaeb-6713a8813e56,soda compaanyyy,rayyan sheik,sheikrayyanahmed@gmail.com,89939399393,,,,,2026-08-10 05:26:18.411+00,2026-08-10 05:26:18.411+00
f638181f-3189-4881-9fc7-3165d77b9fb3,Health Check,Health Check,healthcheck@test.com,,,,,,2026-08-10 10:39:42.871+00,2026-08-10 10:39:42.871+00
eb732719-17e3-4672-920f-2f24e35d13f2,acme web corp,TestWeb User_1786514068850,webuser_1786514068850@example.com,,,,,,2026-08-12 05:54:29.296+00,2026-08-12 05:54:29.296+00
0c8937f0-1aa9-44fd-95cf-b189fd3a5c27,email dynamics llc,TestEmail Sender_1786514068850,emailsender_1786514068850@example.com,,,,,,2026-08-12 05:54:36.086+00,2026-08-12 05:54:36.086+00
d93e0c53-c6a8-4d64-ad5c-bf7e1518c3c6,TestWhatsApp User_1786514068850,TestWhatsApp User_1786514068850,,+966591713661,,,,,2026-08-12 05:54:42.082+00,2026-08-12 05:54:42.082+00
0bc2a357-0b7b-498a-a7db-d8b679ffa56b,manual operations inc,TestManual Entry_1786514068850,manual_1786514068850@example.com,,,,,,2026-08-12 05:54:50.244+00,2026-08-12 05:54:50.244+00
822e5ea8-afe1-4b7b-abf4-cbe5fc659813,TestUnassigned Prospect_1786514068850,TestUnassigned Prospect_1786514068850,unassigned_1786514068850@example.com,,,,,,2026-08-12 05:54:53.61+00,2026-08-12 05:54:53.61+00
85fb7f5b-2d2a-40f3-ba50-d2aec633b241,TestFail Delivery_1786514068850,TestFail Delivery_1786514068850,,,,,,,2026-08-12 05:54:56.58+00,2026-08-12 05:54:56.58+00
05b6080e-248f-4441-ac2a-80860f180436,titan pharmaceuticals group,Michael Hill_1786515067843,michael.hill_1786515067843@titanpharma.com,,,,,,2026-08-12 06:11:08.442+00,2026-08-12 06:11:08.442+00
efa17ed3-306d-4386-92e1-fa454166bfb4,pepsico global 1786515831110,Alex Smith,alex.smith_1786515831110@pepsico.com,,,,,,2026-08-12 06:23:52.672+00,2026-08-12 06:23:52.672+00
cc83a0f9-4771-4623-9eb3-6ab52e520cd9,pepsico global 1786515882418,Alex Smith,alex.smith_1786515882418@pepsico.com,,,,,,2026-08-12 06:24:44.566+00,2026-08-12 06:24:44.566+00
52d5ee2b-1e95-481d-8024-9fb699e0ca5f,pepsico global 1786515943845,Alex Smith,alex.smith_1786515943845@pepsico.com,,,,,,2026-08-12 06:25:45.754+00,2026-08-12 06:25:45.754+00
e8d42d39-838e-4909-ab3d-e306948dd1b8,pepsico global 1786515985945,Alex Smith,alex.smith_1786515985945@pepsico.com,,,,,,2026-08-12 06:26:27.702+00,2026-08-12 06:26:27.702+00
a16f08f6-09ab-4a11-83b3-a8a4d95bd738,PepsiCo Global Corp 1786516650048,Corporate Procurement,procurement_1786516650048@pepsico.com,,,,,,2026-08-12 06:37:30.549+00,2026-08-12 06:37:30.549+00
a7816d40-7724-438d-9fb3-352682da3b1e,pepsico global corp 1786516650048,Michael Hill,mhill_1786516650048@pepsico.com,,,,,,2026-08-12 06:37:31.551+00,2026-08-12 06:37:31.551+00
2b3d15fd-69ba-4c26-854f-2ecdb0a47327,manual prospect inc,Manual Prospect,manual_1786516650048@prospect.com,,,,,,2026-08-12 06:37:41.863+00,2026-08-12 06:37:41.863+00
96dc20a2-e38f-4292-ac1b-91db3d9fcd15,PepsiCo Global Corp 1786516750097,Corporate Procurement,procurement_1786516750097@pepsico.com,,,,,,2026-08-12 06:39:10.664+00,2026-08-12 06:39:10.664+00
d860ab7a-4b82-4bcc-b94f-6700a436b91f,pepsico global corp 1786516750097,Michael Hill,mhill_1786516750097@pepsico.com,,,,,,2026-08-12 06:39:11.669+00,2026-08-12 06:39:11.669+00
1ec1acdd-d554-4551-a65e-2c6bd5a12cc3,PepsiCo Global Corp 1786516807103,Corporate Procurement,procurement_1786516807103@pepsico.com,,,,,,2026-08-12 06:40:07.592+00,2026-08-12 06:40:07.592+00
c68c8941-f8a0-44a4-bc51-76355f06cc96,pepsico global corp 1786516807103,Michael Hill,mhill_1786516807103@pepsico.com,,,,,,2026-08-12 06:40:08.494+00,2026-08-12 06:40:08.494+00
eecc800c-08ba-4990-b203-e5efd6a20ea6,PepsiCo Global Corp 1786516844087,Corporate Procurement,procurement_1786516844087@pepsico.com,,,,,,2026-08-12 06:40:44.594+00,2026-08-12 06:40:44.594+00
c54b23d4-6439-49bf-9907-8e7696fde1c6,pepsico global corp 1786516844087,Michael Hill,mhill_1786516844087@pepsico.com,,,,,,2026-08-12 06:40:45.534+00,2026-08-12 06:40:45.534+00
9bbff7d2-4ca3-4ca6-9476-83ac188ec520,l,swastik L,swastik@gmail.com,92929299292,,,,,2026-08-12 07:30:25.766+00,2026-08-12 07:30:25.766+00
bde97d9e-4c32-4289-8ab5-5c8aaadf2ead,rayaan Unknown,rayaan Unknown,rayyan@gmail.com,90909009,,,,,2026-08-12 08:22:58.714+00,2026-08-12 08:22:58.714+00
eab2c01b-50d8-426f-b7cc-300dea4b4f45,Mohammed Zeeshan,Mohammed Zeeshan,mohd.zeeshann110@gmail.com,+91 88672-22317,,,,,2026-08-12 08:29:31.522+00,2026-08-12 08:29:31.522+00
50019f2a-a1b4-4212-9e31-f7e6e56314cf,Mohammed Zeeshan,Mohammed Zeeshan,khanzeeshu110@gmail.com,+91 88672-22317,,,,,2026-08-12 08:34:51.725+00,2026-08-12 08:34:51.725+00
0ec5bd85-b5db-4bdd-8e71-8e6d350d3a7d,t,saud sss,s@gmail.com,3933993,,,,,2026-08-12 08:46:26.016+00,2026-08-12 08:46:26.016+00
b2a70f0b-3113-4f4f-810c-b58af2958858,volvitech,Sheikh Moidin,sheikh@volvitech.com,7349412123,,,,,2026-08-12 08:54:26.829+00,2026-08-12 08:54:26.829+00
e979f4c9-f5e8-467d-a3d0-3d7e21991f6e,vt,Thanish Muhammed,thanish@vilvitech.com,7349412123,,,,,2026-08-12 09:02:19.824+00,2026-08-12 09:02:19.824+00
fa7a59b1-2929-4450-86e0-eb9d4844fd58,Rayray Unknown,Rayray Unknown,rayyan@volvitech.com,9632214787,,,,,2026-08-12 09:05:31.06+00,2026-08-12 09:05:31.06+00
4375f7d2-b211-4626-b775-d54a78fb3562,Mohammed Zeeshan,Mohammed Zeeshan,zeeshan@volvitech.com,+91 88672-22317,,,,,2026-08-12 11:35:01.827+00,2026-08-12 11:35:01.827+00
63dbe2a0-5018-4a60-bbc2-ddbeb0f13d84,Saud Unknown,Saud Unknown,saud@volvitech.com,8649104845,,,,,2026-08-12 11:36:11.272+00,2026-08-12 11:36:11.272+00
b98abf11-0a87-4083-911b-80f0e67d07ec,Mohammed Zeeshan,Mohammed Zeeshan,mohammedzeeshu46@gmail.com,+91 88672-22317,,,,,2026-08-12 11:54:23.739+00,2026-08-12 11:54:23.739+00
9502ba86-b644-418d-a843-e753b76bc8f0,Swastik Unknown,Swastik Unknown,swastik@volvitech.com,5585955585,,,,,2026-08-12 11:55:45.265+00,2026-08-12 11:55:45.265+00
a282a811-ed73-4cf7-a84b-73f6c237a137,fl,Shahil Muhammed,shahil@fl.com,121312186,,,,,2026-08-12 12:12:34.647+00,2026-08-12 12:12:34.647+00
adc833ad-1be5-41fe-9540-6f265e97aa49,KFN Holdings,,,,,,,,2026-08-13 11:11:18.453+00,2026-08-13 11:11:18.453+00
695729d5-b8d4-4caf-9188-262a2db133aa,BuildCorp LLC,,,,,,,,2026-08-13 11:11:18.457+00,2026-08-13 11:11:18.457+00
e36adc11-50c5-40bd-b627-2db2eb404c50,Riyadh Construction,,,,,,,,2026-08-13 11:11:18.495+00,2026-08-13 11:11:18.495+00
c8790cac-50df-4f73-b38d-9f5ae1bf88ce,Designers Hub,,,,,,,,2026-08-13 11:17:09.482+00,2026-08-13 11:17:09.482+00
d495c3f1-f1ca-4a27-b225-1a3bac55381b,Red Sea Dev,,,,,,,,2026-08-13 11:17:18.516+00,2026-08-13 11:17:18.516+00
b77d54da-3df0-4290-8188-c19c02cf6b33,Gulf Manufacturing,Michael Hill,gulf_corp_1786686957305@mfg.com,+971501234567,,General,,,2026-08-14 05:55:59.365+00,2026-08-14 05:55:59.365+00
ed81efca-d466-4235-9935-0f44eb3b64d5,Voice Inc,,,,,Construction & Modular Buildings,,,2026-08-14 12:04:43.594+00,2026-08-14 12:04:43.594+00
8a155cf5-c398-4605-8bf5-b6a5453df805,Instagram User,,,,,,,,2026-08-14 18:19:53.569+00,2026-08-14 18:19:53.569+00
a252fcc0-6ca3-4d0f-aa6c-9db6a5470387,Saudi Build Contracting,,,,,Construction,,,2026-08-14 18:25:35.747+00,2026-08-14 18:25:35.747+00
cc96a393-0f00-4e7f-a242-23d760f4272f,Dr. Tariq Mansoor,,,,,,,,2026-08-14 18:26:26.893+00,2026-08-14 18:26:26.893+00
324ab7e1-f319-47dd-aa8c-3c9d5120ee67,Habib Unknown,,,,,,,,2026-08-14 18:45:33.07+00,2026-08-14 18:45:33.07+00
c892ced2-1217-4a25-94ea-80117ba7719a,Salman Unknown,,,,,,,,2026-08-14 18:53:20.917+00,2026-08-14 18:53:20.917+00
ee03e1b4-0f7c-4b5d-ad8e-30f77a9fff7c,Joshua alter,,,,,,,,2026-08-14 18:57:42.052+00,2026-08-14 18:57:42.052+00
852cd2a3-503d-4444-a7a5-f69311fad66f,scorp,,,,,,,,2026-08-14 19:13:59.724+00,2026-08-14 19:13:59.724+00
9b9bd9ba-de1b-4175-9a27-4fb648e379e5,Saud Sheik,,,,,,,,2026-08-14 19:27:43.4+00,2026-08-14 19:27:43.4+00
b5138ce0-6fd2-4fc6-84a7-1052adccacd6,Kane Unknown,,,,,,,,2026-08-15 03:41:43.858+00,2026-08-15 03:41:43.858+00
f8ccd1e7-d12e-4e0d-b7c4-aac79493f935,compact,,,,,,,,2026-08-15 04:20:59.648+00,2026-08-15 04:20:59.648+00
5adf44be-7c15-49a2-bd17-f5286ae626dd,TCS,,,,,,,,2026-08-15 05:17:59.928+00,2026-08-15 05:17:59.928+00
9ba984b0-9387-4f76-b357-8bec2017aacf,Acme Industrial Corp,Alice Walker,alice@acmeindustrial.com,+15551234567,,Manufacturing,,,2026-08-17 06:45:28.102+00,2026-08-17 06:45:28.102+00
0aa85937-72a3-4d77-971e-9153b54f797c,Acme Industrial Corp,Alice Walker,alice@acmeindustrial.com,+15551234567,,Manufacturing,,,2026-08-17 06:46:34.17+00,2026-08-17 06:46:34.17+00
9546d4f7-29b7-4304-9479-837407b1c4cb,Acme Corp,,,,,,,,2026-08-17 06:53:22.182646+00,2026-08-17 06:53:22.182646+00
23a9695f-9bb7-42d7-8f30-f221c746bb45,Nexus Industrial Systems 658827,Alexander Vance,lead_658827@nexus-industrial.com,+966551234567,,Manufacturing,,,2026-08-17 07:45:39.133+00,2026-08-17 07:45:39.133+00
cad6bd3b-9cd1-46a9-b5d5-1bc10ab4b3ee,Nexus Industrial Systems 890419,Alexander Vance,lead_890419@nexus-industrial.com,+966551234567,,Manufacturing,,,2026-08-17 07:48:16.95+00,2026-08-17 07:48:16.95+00
a8e20e35-77fe-49f3-b6bd-af070872b940,Nexus Industrial Systems 974189,Alexander Vance,lead_974189@nexus-industrial.com,+966551234567,,Manufacturing,,,2026-08-17 09:46:21.724+00,2026-08-17 09:46:21.724+00
84326d10-a755-49a1-94be-f73616ac551c,Emirates Steel Industries 1786961652661,,procurement@emiratessteel-1786961652661.com,+971501234567,,Manufacturing,,,2026-08-17 10:14:12.661+00,2026-08-17 10:14:12.661+00
04403b1e-4d4f-42a9-9181-292d28bb2f11,Emirates Steel Industries 1786961708371,,procurement@emiratessteel-1786961708371.com,+971501234567,,Manufacturing,,,2026-08-17 10:15:08.371+00,2026-08-17 10:15:08.371+00
9853e0c1-4ad0-4017-9be6-0663acfd9a43,Emirates Steel Industries 1786961810847,,procurement@emiratessteel-1786961810847.com,+971501234567,,Manufacturing,,,2026-08-17 10:16:50.847+00,2026-08-17 10:16:50.847+00
fcf24a3a-85b3-4a03-9d3e-d9cc256c4590,Emirates Steel Industries 1786961863284,,procurement@emiratessteel-1786961863284.com,+971501234567,,Manufacturing,,,2026-08-17 10:17:43.284+00,2026-08-17 10:17:43.284+00
d804b2e0-61a1-4de7-b467-de650a09b826,Gulf Manufacturing Co. 1786962980719,,contact@gulfmanuf-1786962980719.com,,,Manufacturing,,,2026-08-17 10:36:20.72+00,2026-08-17 10:36:20.72+00
d4b5c893-1815-4e8c-ae4a-5de060a13a8f,Emirates Automation Solutions,Tariq Al-Mansoor,tariq.1786962983443@emiratesautomation.com,+971501234567,,General,,,2026-08-17 10:36:39.293+00,2026-08-17 10:36:39.293+00
41ba5b8a-a5b7-402f-a51c-ccbf364e575b,Gulf Manufacturing Co. 1786963724048,,contact@gulfmanuf-1786963724048.com,,,Manufacturing,,,2026-08-17 10:48:44.053+00,2026-08-17 10:48:44.053+00
